-- Inserting product categories
insert into PRODUCT_CATEGORY (product_category_id, created_at, updated_at, description, product_category_name) values
 ('1', now(), now(), 'These books belong to Literature category', 'Literature'),
 ('2', now(), now(), 'These books belong to Fiction category', 'Fiction'),
 ('3', now(), now(), 'These books belong to Technology category', 'Technology'),
 ('4', now(), now(), 'These books belong to Programming category', 'Programming'),
 ('5', now(), now(), 'These books belong to Business category', 'Business'),
 ('6', now(), now(), 'These books belong to Science category', 'Science'),
 ('7', now(), now(), 'These books belong to Manga category', 'Manga'),
 ('8', now(), now(), 'These books belong to Productivity category', 'Productivity');

-- Inserting manga products
insert into PRODUCT (product_id, created_at, updated_at, available_item_count, product_description, price, product_name, product_category_id, product_image_id) values
('1', now(), now(), 345, 'One Piece Vol. 1', 85, 'One Piece Vol. 1', '7', '1.jpg'),
('2', now(), now(), 987, 'Your Name Vol. 1', 140, 'Your Name Vol. 1', '7', '2.jpg'),
('3', now(), now(), 872, 'Demon Slayer Vol. 20', 399, 'Demon Slayer Vol. 20', '7', '3.jpg'),
('4', now(), now(), 678, 'Demon Slayer Vol. 23', 299, 'Demon Slayer Vol. 23', '7', '4.jpg'),
('5', now(), now(), 3545, 'Jujutsu Kaisen Vol. 3', 500, 'Jujutsu Kaisen Vol. 3', '7', '5.jpg'),
('6', now(), now(), 2432, 'One Punch Man Vol. 1', 185, 'One Punch Man Vol. 1', '7', '6.jpg'),
('7', now(), now(), 234, 'Dragon Ball Super Vol. 10', 440, 'Dragon Ball Super Vol. 10', '7', '7.jpg'),
('8', now(), now(), 453, 'Blue Box Vol. 11', 99, 'Blue Box Vol. 11', '7', '8.jpg'),
('9', now(), now(), 768, 'Tokyo Ghoul Vol. 7', 299, 'Tokyo Ghoul Vol. 7', '7', '9.jpg'),
('10', now(), now(), 67, 'Inuyasha Ani-Manga Vol. 29', 500, 'Inuyasha Ani-Manga Vol. 29', '7', '10.jpg'),

('11', now(), now(), 567, 'Princess Freedom', 585, 'Princess Freedom', '3', '11.jpg'),
('12', now(), now(), 435, 'Slam Dunk Vol. 6', 232, 'Slam Dunk Vol. 6', '7', '12.jpg'),
('13', now(), now(), 78, 'Wotakoi: Love is Hard for Otaku Vol. 1', 433, 'Wotakoi: Love is Hard for Otaku Vol. 1', '2', '13.jpg'),
('14', now(), now(), 45, 'Uzumaki: Spiral into Horror', 122, 'Uzumaki: Spiral into Horror', '4', '14.jpg'),
('15', now(), now(), 456, 'Blood on the Tracks Vol. 1', 233, 'Blood on the Tracks Vol. 1', '7', '15.jpg'),
('16', now(), now(), 232, 'The Geek Ex-Hitman Vol. 3', 654, 'The Geek Ex-Hitman Vol. 3', '5', '16.jpg'),
('17', now(), now(), 434, 'Takane & Hana Vol. 1', 343, 'Takane & Hana Vol. 1', '2', '17.jpg'),
('18', now(), now(), 872, 'Grimmheim', 399, 'Grimmheim', '4', '18.jpg'),

('19', now(), now(), 678, 'Seraph of the End: Vampire Reign Vol. 8', 299, 'Seraph of the End: Vampire Reign Vol. 8', '6', '19.jpg'),
('20', now(), now(), 3545, 'Dolly Kill Kill Vol 10', 500, 'Dolly Kill Kill Vol. 10', '4', '20.jpg'),
('21', now(), now(), 2432, 'Fullmetal Alchemist Vol. 1', 185, 'Fullmetal Alchemist Vol. 1', '6', '21.jpg'),
('22', now(), now(), 234, 'Baccano! Vol. 1', 440, 'Baccano! Vol. 1', '6', '22.jpg'),
('23', now(), now(), 453, 'Jojo\'s Bizarre Adventure Vol. 2', 99, 'Jojo\'s Bizarre Adventure Vol. 2', '1', '23.jpg'),
('24', now(), now(), 768, 'Kaguya-sama: Love is War Vol. 26', 299, 'Kaguya-sama: Love is War Vol. 26', '2', '24.jpg'),
('25', now(), now(), 67, 'New Manga Vol. 25', 500, 'New Manga Vol. 25', '8', '25.jpg'),
('26', now(), now(), 567, 'New Manga Vol. 26', 585, 'New Manga Vol. 26', '7', '26.jpg');

insert into REVIEW (review_id, rating_value, user_id, review_message, product_id, user_name, CREATED_AT, UPDATED_AT) values
(1, 4, 1, 'The storyline kept me hooked from start to finish. Incredible character development!', '1', 'user', now(), now()),
(2, 3, 2, 'The plot was a bit slow at first, but it picked up nicely. Good read overall.', '1', 'user2', now(), now()),
(3, 5, 3, 'Absolutely fantastic! The art and story are top-notch.', '3', 'user3', now(), now()),
(4, 1, 4, 'Did not enjoy this one as much. The pacing was off and characters were not engaging.', '4', 'user4', now(), now()),
(5, 2, 5, 'Found it hard to get into. The storyline felt a bit cliché.', '1', 'user5', now(), now()),
(6, 4, 6, 'A very enjoyable read with a lot of unexpected twists. Recommended!', '2', 'user6', now(), now()),
(7, 3, 1, 'The romance subplot was cute, but the main story lacked depth.', '2', 'user', now(), now()),
(8, 3, 4, 'A decent horror story, though it felt predictable at times.', '4', 'user2', now(), now()),
(9, 4, 1, 'Loved the action scenes and the unique storyline. Definitely a page-turner.', '6', 'user', now(), now()),
(10, 3, 2, 'Interesting political themes, but some parts were hard to follow.', '7', 'user2', now(), now()),
(11, 5, 3, 'Amazing! Couldnt put it down. A must-read for everyone.', '8', 'user3', now(), now()),
(12, 1, 4, 'Not my cup of tea. The plot was too convoluted for my taste.', '9', 'user4', now(), now()),
(13, 2, 5, 'The story was okay, but it didnt live up to the hype.', '10', 'user5', now(), now()),
(14, 4, 6, 'A solid read with some great moments. Would recommend to friends.', '2', 'user6', now(), now()),
(15, 3, 1, 'An enjoyable series, though not very memorable.', '22', 'user', now(), now()),
(16, 3, 4, 'Felt like it dragged in the middle, but the ending was satisfying.', '24', 'user2', now(), now()),
(17, 4, 1, 'The illustrations are stunning, and the story is compelling.', '11', 'user', now(), now()),
(18, 3, 2, 'A decent start, but Im hoping it picks up in the next volume.', '13', 'user2', now(), now()),
(19, 5, 3, 'Loved every page! The characters are so well-developed.', '3', 'user3', now(), now()),
(20, 1, 4, 'This was a tough read. Couldnt get into the story at all.', '20', 'user4', now(), now()),
(21, 2, 5, 'Mediocre at best. Expected more from this series.', '16', 'user5', now(), now()),
(22, 4, 6, 'Great characters and an intriguing plot. Would recommend!', '17', 'user6', now(), now()),
(23, 3, 1, 'Not bad, but not great either. Just an average manga.', '2', 'user', now(), now()),
(24, 3, 4, 'The artwork is beautiful, but the story felt a bit lacking.', '18', 'user2', now(), now()),
(25, 4, 1, 'Exciting plot with lots of twists. Thoroughly enjoyed it.', '6', 'user', now(), now()),
(26, 3, 2, 'It was okay, but not something I would re-read.', '19', 'user2', now(), now()),
(27, 5, 3, 'Brilliant! Cant wait for the next volume.', '8', 'user3', now(), now()),
(28, 1, 4, 'Really didnt like this one. The story didnt make sense to me.', '9', 'user4', now(), now()),
(29, 2, 5, 'Expected more action. The story was too slow.', '10', 'user5', now(), now()),
(30, 4, 6, 'Fantastic story with great characters. Highly recommend!', '23', 'user6', now(), now()),
(31, 3, 1, 'Its good, but not one of my favorites.', '22', 'user', now(), now()),
(32, 3, 4, 'Decent read. Some parts were really good, others not so much.', '25', 'user2', now(), now());
